<?xml version='1.0' encoding='UTF-8'?>
<?artifactRepository version='1.1.0'?>
<repository name='Bundle pool' type='org.eclipse.equinox.p2.artifact.repository.simpleRepository' version='1'>
  <properties size='2'>
    <property name='p2.system' value='true'/>
    <property name='p2.timestamp' value='1397939866412'/>
  </properties>
  <mappings size='3'>
    <rule filter='(&amp; (classifier=osgi.bundle))' output='${repoUrl}/plugins/${id}_${version}.jar'/>
    <rule filter='(&amp; (classifier=binary))' output='${repoUrl}/binary/${id}_${version}'/>
    <rule filter='(&amp; (classifier=org.eclipse.update.feature))' output='${repoUrl}/features/${id}_${version}.jar'/>
  </mappings>
  <artifacts size='143'>
    <artifact classifier='osgi.bundle' id='org.eclipse.core.runtime' version='3.9.100.v20131218-1515'>
      <properties size='1'>
        <property name='download.size' value='73658'/>
      </properties>
    </artifact>
    <artifact classifier='osgi.bundle' id='org.eclipse.gmf.runtime.draw2d.ui.render' version='1.7.0.201306111432'>
      <properties size='1'>
        <property name='download.size' value='48034'/>
      </properties>
    </artifact>
    <artifact classifier='osgi.bundle' id='org.eclipse.gmf.runtime.emf.commands.core' version='1.7.0.201306111432'>
      <properties size='1'>
        <property name='download.size' value='28284'/>
      </properties>
    </artifact>
    <artifact classifier='osgi.bundle' id='org.eclipse.core.databinding.observable' version='1.4.1.v20130515-1857'>
      <properties size='1'>
        <property name='download.size' value='297395'/>
      </properties>
    </artifact>
    <artifact classifier='osgi.bundle' id='org.apache.batik.dom' version='1.6.0.v201011041432'>
      <properties size='1'>
        <property name='download.size' value='115411'/>
      </properties>
    </artifact>
    <artifact classifier='osgi.bundle' id='lpg.runtime.java' version='2.0.17.v201004271640'>
      <properties size='1'>
        <property name='download.size' value='117404'/>
      </properties>
    </artifact>
    <artifact classifier='osgi.bundle' id='org.eclipse.core.filesystem.win32.x86_64' version='1.4.0.v20121112-1357'>
      <properties size='1'>
        <property name='download.size' value='31944'/>
      </properties>
    </artifact>
    <artifact classifier='osgi.bundle' id='org.eclipse.e4.ui.widgets' version='1.0.0.v20130515-1857'>
      <properties size='1'>
        <property name='download.size' value='14205'/>
      </properties>
    </artifact>
    <artifact classifier='osgi.bundle' id='org.eclipse.e4.ui.model.workbench' version='1.0.1.v20131118-1956'>
      <properties size='1'>
        <property name='download.size' value='379185'/>
      </properties>
    </artifact>
    <artifact classifier='osgi.bundle' id='org.eclipse.gmf.runtime.diagram.ui.printing' version='1.7.0.201306111432'>
      <properties size='1'>
        <property name='download.size' value='87599'/>
      </properties>
    </artifact>
    <artifact classifier='osgi.bundle' id='CPG.diagram' version='1.0.0.201404191637'>
      <properties size='1'>
        <property name='download.size' value='218115'/>
      </properties>
    </artifact>
    <artifact classifier='osgi.bundle' id='org.eclipse.e4.ui.services' version='1.0.1.v20131118-1940'>
      <properties size='1'>
        <property name='download.size' value='25174'/>
      </properties>
    </artifact>
    <artifact classifier='osgi.bundle' id='org.eclipse.ui.console' version='3.5.200.v20130514-0954'>
      <properties size='1'>
        <property name='download.size' value='161127'/>
      </properties>
    </artifact>
    <artifact classifier='osgi.bundle' id='org.eclipse.equinox.event' version='1.3.0.v20130327-1442'>
      <properties size='1'>
        <property name='download.size' value='32690'/>
      </properties>
    </artifact>
    <artifact classifier='osgi.bundle' id='org.eclipse.equinox.p2.metadata' version='2.2.0.v20130523-1557'>
      <properties size='1'>
        <property name='download.size' value='337972'/>
      </properties>
    </artifact>
    <artifact classifier='osgi.bundle' id='org.eclipse.gef' version='3.9.0.201308190730'>
      <properties size='1'>
        <property name='download.size' value='849105'/>
      </properties>
    </artifact>
    <artifact classifier='osgi.bundle' id='org.eclipse.emf.validation' version='1.7.0.201306111341'>
      <properties size='1'>
        <property name='download.size' value='398632'/>
      </properties>
    </artifact>
    <artifact classifier='osgi.bundle' id='org.eclipse.equinox.launcher' version='1.3.0.v20130327-1440'>
      <properties size='1'>
        <property name='download.size' value='49968'/>
      </properties>
    </artifact>
    <artifact classifier='osgi.bundle' id='org.eclipse.core.databinding.property' version='1.4.200.v20130515-1857'>
      <properties size='1'>
        <property name='download.size' value='169046'/>
      </properties>
    </artifact>
    <artifact classifier='osgi.bundle' id='org.apache.batik.bridge' version='1.6.0.v201011041432'>
      <properties size='1'>
        <property name='download.size' value='533241'/>
      </properties>
    </artifact>
    <artifact classifier='osgi.bundle' id='javax.servlet' version='3.0.0.v201112011016'>
      <properties size='1'>
        <property name='download.size' value='201594'/>
      </properties>
    </artifact>
    <artifact classifier='osgi.bundle' id='org.eclipse.ocl.ecore' version='3.3.0.v20130520-1222'>
      <properties size='1'>
        <property name='download.size' value='369273'/>
      </properties>
    </artifact>
    <artifact classifier='osgi.bundle' id='org.eclipse.gmf.runtime.diagram.core' version='1.7.0.201306111432'>
      <properties size='1'>
        <property name='download.size' value='129291'/>
      </properties>
    </artifact>
    <artifact classifier='osgi.bundle' id='org.apache.batik.dom.svg' version='1.6.0.v201011041432'>
      <properties size='1'>
        <property name='download.size' value='481633'/>
      </properties>
    </artifact>
    <artifact classifier='osgi.bundle' id='org.eclipse.ui.views' version='3.6.100.v20130326-1250'>
      <properties size='1'>
        <property name='download.size' value='91328'/>
      </properties>
    </artifact>
    <artifact classifier='osgi.bundle' id='org.eclipse.jface.text' version='3.8.101.v20130802-1147'>
      <properties size='1'>
        <property name='download.size' value='992827'/>
      </properties>
    </artifact>
    <artifact classifier='osgi.bundle' id='org.w3c.dom.smil' version='1.0.0.v200806040011'>
      <properties size='1'>
        <property name='download.size' value='15995'/>
      </properties>
    </artifact>
    <artifact classifier='osgi.bundle' id='org.eclipse.compare.core' version='3.5.300.v20130514-1224'>
      <properties size='1'>
        <property name='download.size' value='63379'/>
      </properties>
    </artifact>
    <artifact classifier='osgi.bundle' id='org.eclipse.gmf.runtime.common.ui.printing.win32' version='1.7.0.201306111432'>
      <properties size='1'>
        <property name='download.size' value='766617'/>
      </properties>
    </artifact>
    <artifact classifier='osgi.bundle' id='org.apache.batik.transcoder' version='1.6.0.v201011041432'>
      <properties size='1'>
        <property name='download.size' value='87274'/>
      </properties>
    </artifact>
    <artifact classifier='osgi.bundle' id='org.eclipse.swt.win32.win32.x86_64' version='3.102.1.v20140206-1358'>
      <properties size='1'>
        <property name='download.size' value='2712233'/>
      </properties>
    </artifact>
    <artifact classifier='osgi.bundle' id='javax.inject' version='1.0.0.v20091030'>
      <properties size='1'>
        <property name='download.size' value='12288'/>
      </properties>
    </artifact>
    <artifact classifier='osgi.bundle' id='org.eclipse.emf.workspace' version='1.5.1.201306111400'>
      <properties size='1'>
        <property name='download.size' value='84268'/>
      </properties>
    </artifact>
    <artifact classifier='osgi.bundle' id='org.eclipse.core.databinding' version='1.4.1.v20130515-1857'>
      <properties size='1'>
        <property name='download.size' value='202137'/>
      </properties>
    </artifact>
    <artifact classifier='osgi.bundle' id='org.eclipse.equinox.ds' version='1.4.101.v20130813-1853'>
      <properties size='1'>
        <property name='download.size' value='194441'/>
      </properties>
    </artifact>
    <artifact classifier='osgi.bundle' id='org.eclipse.gmf.runtime.diagram.ui' version='1.7.0.201306111432'>
      <properties size='1'>
        <property name='download.size' value='1151585'/>
      </properties>
    </artifact>
    <artifact classifier='osgi.bundle' id='CPG.diagram.custom' version='1.0.0.201404191637'>
      <properties size='1'>
        <property name='download.size' value='7231'/>
      </properties>
    </artifact>
    <artifact classifier='osgi.bundle' id='org.eclipse.e4.core.services' version='1.1.0.v20130515-1343'>
      <properties size='1'>
        <property name='download.size' value='23152'/>
      </properties>
    </artifact>
    <artifact classifier='osgi.bundle' id='org.eclipse.gmf.runtime.diagram.ui.resources.editor' version='1.7.0.201306111432'>
      <properties size='1'>
        <property name='download.size' value='119804'/>
      </properties>
    </artifact>
    <artifact classifier='osgi.bundle' id='org.eclipse.ocl.common' version='1.1.0.v20130531-0544'>
      <properties size='1'>
        <property name='download.size' value='34038'/>
      </properties>
    </artifact>
    <artifact classifier='osgi.bundle' id='org.eclipse.core.resources' version='3.8.101.v20130717-0806'>
      <properties size='1'>
        <property name='download.size' value='830014'/>
      </properties>
    </artifact>
    <artifact classifier='osgi.bundle' id='org.eclipse.core.expressions' version='3.4.501.v20131118-1915'>
      <properties size='1'>
        <property name='download.size' value='88715'/>
      </properties>
    </artifact>
    <artifact classifier='osgi.bundle' id='org.eclipse.emf.ecore.xmi' version='2.9.1.v20131212-0545'>
      <properties size='1'>
        <property name='download.size' value='227790'/>
      </properties>
    </artifact>
    <artifact classifier='osgi.bundle' id='org.apache.batik.svggen' version='1.6.0.v201011041432'>
      <properties size='1'>
        <property name='download.size' value='197682'/>
      </properties>
    </artifact>
    <artifact classifier='osgi.bundle' id='org.eclipse.team.core' version='3.7.0.v20130514-1224'>
      <properties size='1'>
        <property name='download.size' value='403539'/>
      </properties>
    </artifact>
    <artifact classifier='osgi.bundle' id='org.eclipse.e4.core.di.extensions' version='0.11.100.v20130514-1256'>
      <properties size='1'>
        <property name='download.size' value='23348'/>
      </properties>
    </artifact>
    <artifact classifier='osgi.bundle' id='CPG' version='0.1.0.201404191637'>
      <properties size='1'>
        <property name='download.size' value='44229'/>
      </properties>
    </artifact>
    <artifact classifier='osgi.bundle' id='org.eclipse.core.variables' version='3.2.700.v20130402-1741'>
      <properties size='1'>
        <property name='download.size' value='34228'/>
      </properties>
    </artifact>
    <artifact classifier='osgi.bundle' id='org.eclipse.e4.ui.workbench.renderers.swt' version='0.11.2.v20140205-1834'>
      <properties size='1'>
        <property name='download.size' value='338293'/>
      </properties>
    </artifact>
    <artifact classifier='osgi.bundle' id='org.eclipse.equinox.launcher.win32.win32.x86_64' version='1.1.200.v20140116-2212'>
      <properties size='1'>
        <property name='download.size' value='29356'/>
      </properties>
      <repositoryProperties size='1'>
        <property name='artifact.folder' value='true'/>
      </repositoryProperties>
    </artifact>
    <artifact classifier='osgi.bundle' id='org.eclipse.ui.forms' version='3.6.1.v20130822-1117'>
      <properties size='1'>
        <property name='download.size' value='302339'/>
      </properties>
    </artifact>
    <artifact classifier='osgi.bundle' id='org.eclipse.gmf.runtime.notation' version='1.7.0.201306101425'>
      <properties size='1'>
        <property name='download.size' value='371782'/>
      </properties>
    </artifact>
    <artifact classifier='osgi.bundle' id='CPG.edit' version='1.0.0.201404191637'>
      <properties size='1'>
        <property name='download.size' value='15159'/>
      </properties>
    </artifact>
    <artifact classifier='osgi.bundle' id='org.eclipse.gmf.runtime.emf.core' version='1.7.0.201306111432'>
      <properties size='1'>
        <property name='download.size' value='110618'/>
      </properties>
    </artifact>
    <artifact classifier='osgi.bundle' id='org.eclipse.e4.ui.css.swt' version='0.11.0.v20130515-1857'>
      <properties size='1'>
        <property name='download.size' value='155359'/>
      </properties>
    </artifact>
    <artifact classifier='osgi.bundle' id='org.eclipse.gmf.runtime.common.ui.printing' version='1.7.0.201306111432'>
      <properties size='1'>
        <property name='download.size' value='14674'/>
      </properties>
    </artifact>
    <artifact classifier='osgi.bundle' id='org.eclipse.gmf.runtime.draw2d.ui' version='1.7.0.201306111432'>
      <properties size='1'>
        <property name='download.size' value='303464'/>
      </properties>
    </artifact>
    <artifact classifier='osgi.bundle' id='org.eclipse.ui' version='3.105.0.v20130522-1122'>
      <properties size='1'>
        <property name='download.size' value='154349'/>
      </properties>
    </artifact>
    <artifact classifier='osgi.bundle' id='org.apache.batik.ext.awt' version='1.6.0.v201011041432'>
      <properties size='1'>
        <property name='download.size' value='409852'/>
      </properties>
    </artifact>
    <artifact classifier='osgi.bundle' id='org.eclipse.gmf.runtime.emf.clipboard.core' version='1.7.0.201306111432'>
      <properties size='1'>
        <property name='download.size' value='105875'/>
      </properties>
    </artifact>
    <artifact classifier='osgi.bundle' id='org.eclipse.gmf.runtime.diagram.ui.properties' version='1.7.0.201306111432'>
      <properties size='1'>
        <property name='download.size' value='210726'/>
      </properties>
    </artifact>
    <artifact classifier='osgi.bundle' id='org.eclipse.core.databinding.beans' version='1.2.200.v20130515-1857'>
      <properties size='1'>
        <property name='download.size' value='76513'/>
      </properties>
    </artifact>
    <artifact classifier='osgi.bundle' id='org.apache.batik.util' version='1.6.0.v201011041432'>
      <properties size='1'>
        <property name='download.size' value='101159'/>
      </properties>
    </artifact>
    <artifact classifier='osgi.bundle' id='org.eclipse.equinox.security' version='1.2.0.v20130424-1801'>
      <properties size='1'>
        <property name='download.size' value='107313'/>
      </properties>
    </artifact>
    <artifact classifier='osgi.bundle' id='org.eclipse.help' version='3.6.0.v20130326-1254'>
      <properties size='1'>
        <property name='download.size' value='258927'/>
      </properties>
    </artifact>
    <artifact classifier='osgi.bundle' id='org.eclipse.emf.edit.ui' version='2.9.0.v20140203-1126'>
      <properties size='1'>
        <property name='download.size' value='218468'/>
      </properties>
    </artifact>
    <artifact classifier='osgi.bundle' id='org.w3c.dom.svg' version='1.1.0.v201011041433'>
      <properties size='1'>
        <property name='download.size' value='87897'/>
      </properties>
    </artifact>
    <artifact classifier='osgi.bundle' id='org.eclipse.osgi' version='3.9.1.v20140110-1610'>
      <properties size='1'>
        <property name='download.size' value='1394033'/>
      </properties>
    </artifact>
    <artifact classifier='osgi.bundle' id='org.eclipse.e4.ui.css.core' version='0.10.100.v20130515-1857'>
      <properties size='1'>
        <property name='download.size' value='199760'/>
      </properties>
    </artifact>
    <artifact classifier='osgi.bundle' id='org.apache.batik.pdf' version='1.6.0.v201105071520'>
      <properties size='1'>
        <property name='download.size' value='522703'/>
      </properties>
    </artifact>
    <artifact classifier='osgi.bundle' id='org.eclipse.ui.views.properties.tabbed' version='3.6.0.v20130515-1857'>
      <properties size='1'>
        <property name='download.size' value='106563'/>
      </properties>
    </artifact>
    <artifact classifier='osgi.bundle' id='org.eclipse.gmf.runtime.diagram.ui.actions' version='1.7.0.201306111432'>
      <properties size='1'>
        <property name='download.size' value='212337'/>
      </properties>
    </artifact>
    <artifact classifier='osgi.bundle' id='org.eclipse.emf.ecore.edit' version='2.8.0.v20140203-1126'>
      <properties size='1'>
        <property name='download.size' value='127908'/>
      </properties>
    </artifact>
    <artifact classifier='osgi.bundle' id='org.apache.batik.parser' version='1.6.0.v201011041432'>
      <properties size='1'>
        <property name='download.size' value='62221'/>
      </properties>
    </artifact>
    <artifact classifier='osgi.bundle' id='org.eclipse.emf.ecore' version='2.9.2.v20131212-0545'>
      <properties size='1'>
        <property name='download.size' value='1182673'/>
      </properties>
    </artifact>
    <artifact classifier='osgi.bundle' id='org.eclipse.gmf.runtime.emf.ui' version='1.7.0.201306111432'>
      <properties size='1'>
        <property name='download.size' value='91367'/>
      </properties>
    </artifact>
    <artifact classifier='osgi.bundle' id='org.w3c.dom.events' version='3.0.0.draft20060413_v201105210656'>
      <properties size='1'>
        <property name='download.size' value='18809'/>
      </properties>
    </artifact>
    <artifact classifier='osgi.bundle' id='com.ibm.icu' version='50.1.1.v201304230130'>
      <properties size='1'>
        <property name='download.size' value='9451362'/>
      </properties>
    </artifact>
    <artifact classifier='osgi.bundle' id='org.eclipse.ui.workbench' version='3.105.2.v20140211-1711'>
      <properties size='1'>
        <property name='download.size' value='3844116'/>
      </properties>
    </artifact>
    <artifact classifier='osgi.bundle' id='org.eclipse.equinox.p2.engine' version='2.3.0.v20130526-2122'>
      <properties size='1'>
        <property name='download.size' value='200296'/>
      </properties>
    </artifact>
    <artifact classifier='osgi.bundle' id='org.eclipse.equinox.p2.repository' version='2.3.0.v20130412-2032'>
      <properties size='1'>
        <property name='download.size' value='129564'/>
      </properties>
    </artifact>
    <artifact classifier='osgi.bundle' id='org.eclipse.core.jobs' version='3.5.300.v20130429-1813'>
      <properties size='1'>
        <property name='download.size' value='92479'/>
      </properties>
    </artifact>
    <artifact classifier='osgi.bundle' id='org.eclipse.gmf.runtime.common.ui.services.properties' version='1.7.0.201306111432'>
      <properties size='1'>
        <property name='download.size' value='74557'/>
      </properties>
    </artifact>
    <artifact classifier='osgi.bundle' id='org.eclipse.ui.workbench.texteditor' version='3.8.101.v20130729-1318'>
      <properties size='1'>
        <property name='download.size' value='584739'/>
      </properties>
    </artifact>
    <artifact classifier='osgi.bundle' id='org.eclipse.gmf.runtime.draw2d.ui.render.awt' version='1.7.0.201306111432'>
      <properties size='1'>
        <property name='download.size' value='190438'/>
      </properties>
    </artifact>
    <artifact classifier='osgi.bundle' id='org.eclipse.core.contenttype' version='3.4.200.v20130326-1255'>
      <properties size='1'>
        <property name='download.size' value='93013'/>
      </properties>
    </artifact>
    <artifact classifier='osgi.bundle' id='org.eclipse.equinox.p2.metadata.repository' version='1.2.100.v20130327-2119'>
      <properties size='1'>
        <property name='download.size' value='111551'/>
      </properties>
    </artifact>
    <artifact classifier='osgi.bundle' id='org.eclipse.gmf.runtime.common.ui' version='1.7.0.201306111432'>
      <properties size='1'>
        <property name='download.size' value='249451'/>
      </properties>
    </artifact>
    <artifact classifier='osgi.bundle' id='org.eclipse.core.resources.win32.x86_64' version='3.5.0.v20121203-0906'>
      <properties size='1'>
        <property name='download.size' value='27618'/>
      </properties>
    </artifact>
    <artifact classifier='osgi.bundle' id='org.eclipse.e4.ui.workbench' version='1.0.2.v20131202-1739'>
      <properties size='1'>
        <property name='download.size' value='247937'/>
      </properties>
    </artifact>
    <artifact classifier='osgi.bundle' id='org.eclipse.e4.ui.di' version='1.0.0.v20130515-1857'>
      <properties size='1'>
        <property name='download.size' value='15730'/>
      </properties>
    </artifact>
    <artifact classifier='osgi.bundle' id='javax.xml' version='1.3.4.v201005080400'>
      <properties size='1'>
        <property name='download.size' value='237996'/>
      </properties>
    </artifact>
    <artifact classifier='osgi.bundle' id='org.eclipse.ant.core' version='3.2.500.v20140203-1328'>
      <properties size='1'>
        <property name='download.size' value='100142'/>
      </properties>
    </artifact>
    <artifact classifier='osgi.bundle' id='org.eclipse.emf.transaction' version='1.4.0.201306111400'>
      <properties size='1'>
        <property name='download.size' value='166694'/>
      </properties>
    </artifact>
    <artifact classifier='osgi.bundle' id='javax.annotation' version='1.1.0.v201209060031'>
      <properties size='1'>
        <property name='download.size' value='27664'/>
      </properties>
    </artifact>
    <artifact classifier='osgi.bundle' id='org.eclipse.e4.ui.css.swt.theme' version='0.9.100.v20130515-1857'>
      <properties size='1'>
        <property name='download.size' value='25528'/>
      </properties>
    </artifact>
    <artifact classifier='osgi.bundle' id='org.eclipse.gmf.tooling.runtime' version='3.1.0.201402192033'>
      <properties size='1'>
        <property name='download.size' value='131405'/>
      </properties>
    </artifact>
    <artifact classifier='osgi.bundle' id='org.eclipse.e4.ui.bindings' version='0.10.102.v20140117-1939'>
      <properties size='1'>
        <property name='download.size' value='48753'/>
      </properties>
    </artifact>
    <artifact classifier='osgi.bundle' id='org.eclipse.swt' version='3.102.1.v20140206-1334'>
      <properties size='1'>
        <property name='download.size' value='18483'/>
      </properties>
    </artifact>
    <artifact classifier='osgi.bundle' id='org.eclipse.equinox.util' version='1.0.500.v20130404-1337'>
      <properties size='1'>
        <property name='download.size' value='77932'/>
      </properties>
    </artifact>
    <artifact classifier='osgi.bundle' id='org.eclipse.equinox.p2.core' version='2.3.0.v20130327-2119'>
      <properties size='1'>
        <property name='download.size' value='71398'/>
      </properties>
    </artifact>
    <artifact classifier='osgi.bundle' id='org.apache.batik.xml' version='1.6.0.v201011041432'>
      <properties size='1'>
        <property name='download.size' value='41570'/>
      </properties>
    </artifact>
    <artifact classifier='osgi.bundle' id='org.eclipse.gmf.runtime.common.ui.services' version='1.7.0.201306111432'>
      <properties size='1'>
        <property name='download.size' value='98309'/>
      </properties>
    </artifact>
    <artifact classifier='osgi.bundle' id='org.eclipse.draw2d' version='3.9.0.201308190730'>
      <properties size='1'>
        <property name='download.size' value='570306'/>
      </properties>
    </artifact>
    <artifact classifier='osgi.bundle' id='org.eclipse.equinox.registry' version='3.5.301.v20130717-1549'>
      <properties size='1'>
        <property name='download.size' value='184147'/>
      </properties>
    </artifact>
    <artifact classifier='osgi.bundle' id='org.eclipse.e4.core.commands' version='0.10.2.v20130515-1857'>
      <properties size='1'>
        <property name='download.size' value='23904'/>
      </properties>
    </artifact>
    <artifact classifier='osgi.bundle' id='org.eclipse.ocl' version='3.3.0.v20140120-1508'>
      <properties size='1'>
        <property name='download.size' value='1150385'/>
      </properties>
    </artifact>
    <artifact classifier='osgi.bundle' id='org.eclipse.emf.ecore.change' version='2.9.0.v20131212-0545'>
      <properties size='1'>
        <property name='download.size' value='85880'/>
      </properties>
    </artifact>
    <artifact classifier='osgi.bundle' id='org.eclipse.core.filesystem' version='1.4.0.v20130514-1240'>
      <properties size='1'>
        <property name='download.size' value='58051'/>
      </properties>
    </artifact>
    <artifact classifier='osgi.bundle' id='org.eclipse.core.runtime.compatibility.registry' version='3.5.200.v20130514-1256'>
      <properties size='1'>
        <property name='download.size' value='13552'/>
      </properties>
      <repositoryProperties size='1'>
        <property name='artifact.folder' value='true'/>
      </repositoryProperties>
    </artifact>
    <artifact classifier='osgi.bundle' id='org.eclipse.equinox.preferences' version='3.5.100.v20130422-1538'>
      <properties size='1'>
        <property name='download.size' value='127170'/>
      </properties>
    </artifact>
    <artifact classifier='osgi.bundle' id='org.eclipse.ui.win32' version='3.2.400.v20130516-1056'>
      <properties size='1'>
        <property name='download.size' value='25554'/>
      </properties>
    </artifact>
    <artifact classifier='osgi.bundle' id='org.apache.batik.util.gui' version='1.6.0.v201011041432'>
      <properties size='1'>
        <property name='download.size' value='164253'/>
      </properties>
    </artifact>
    <artifact classifier='osgi.bundle' id='org.eclipse.equinox.app' version='1.3.100.v20130327-1442'>
      <properties size='1'>
        <property name='download.size' value='86244'/>
      </properties>
    </artifact>
    <artifact classifier='osgi.bundle' id='org.eclipse.e4.ui.workbench.swt' version='0.12.2.v20140117-1939'>
      <properties size='1'>
        <property name='download.size' value='171259'/>
      </properties>
    </artifact>
    <artifact classifier='osgi.bundle' id='org.eclipse.text' version='3.5.300.v20130515-1451'>
      <properties size='1'>
        <property name='download.size' value='249432'/>
      </properties>
    </artifact>
    <artifact classifier='osgi.bundle' id='org.eclipse.equinox.common' version='3.6.200.v20130402-1505'>
      <properties size='1'>
        <property name='download.size' value='106701'/>
      </properties>
    </artifact>
    <artifact classifier='osgi.bundle' id='org.eclipse.gmf.runtime.diagram.ui.render' version='1.7.0.201306111432'>
      <properties size='1'>
        <property name='download.size' value='113601'/>
      </properties>
    </artifact>
    <artifact classifier='osgi.bundle' id='org.eclipse.core.commands' version='3.6.100.v20130515-1857'>
      <properties size='1'>
        <property name='download.size' value='108765'/>
      </properties>
    </artifact>
    <artifact classifier='osgi.bundle' id='org.eclipse.gmf.runtime.common.ui.action' version='1.7.0.201306111432'>
      <properties size='1'>
        <property name='download.size' value='99042'/>
      </properties>
    </artifact>
    <artifact classifier='osgi.bundle' id='org.eclipse.gmf.runtime.common.core' version='1.7.0.201306111432'>
      <properties size='1'>
        <property name='download.size' value='113379'/>
      </properties>
    </artifact>
    <artifact classifier='osgi.bundle' id='org.apache.batik.css' version='1.6.0.v201011041432'>
      <properties size='1'>
        <property name='download.size' value='265409'/>
      </properties>
    </artifact>
    <artifact classifier='osgi.bundle' id='org.eclipse.emf.common' version='2.9.2.v20131212-0545'>
      <properties size='1'>
        <property name='download.size' value='351628'/>
      </properties>
    </artifact>
    <artifact classifier='osgi.bundle' id='org.eclipse.e4.ui.workbench.addons.swt' version='1.0.2.v20131129-1621'>
      <properties size='1'>
        <property name='download.size' value='135085'/>
      </properties>
    </artifact>
    <artifact classifier='osgi.bundle' id='org.eclipse.gmf.runtime.common.ui.services.action' version='1.7.0.201306111432'>
      <properties size='1'>
        <property name='download.size' value='116621'/>
      </properties>
    </artifact>
    <artifact classifier='osgi.bundle' id='org.eclipse.gmf.runtime.diagram.ui.printing.render' version='1.7.0.201306111432'>
      <properties size='1'>
        <property name='download.size' value='89871'/>
      </properties>
    </artifact>
    <artifact classifier='osgi.bundle' id='org.eclipse.gmf.runtime.emf.type.core' version='1.7.0.201306111432'>
      <properties size='1'>
        <property name='download.size' value='166626'/>
      </properties>
    </artifact>
    <artifact classifier='osgi.bundle' id='org.eclipse.e4.ui.workbench3' version='0.12.0.v20130515-1857'>
      <properties size='1'>
        <property name='download.size' value='10248'/>
      </properties>
    </artifact>
    <artifact classifier='osgi.bundle' id='org.eclipse.emf.validation.ocl' version='1.4.0.201306111341'>
      <properties size='1'>
        <property name='download.size' value='20762'/>
      </properties>
    </artifact>
    <artifact classifier='osgi.bundle' id='org.eclipse.jface.databinding' version='1.6.200.v20130515-1857'>
      <properties size='1'>
        <property name='download.size' value='278295'/>
      </properties>
    </artifact>
    <artifact classifier='osgi.bundle' id='org.eclipse.equinox.security.win32.x86_64' version='1.0.100.v20130327-1442'>
      <properties size='1'>
        <property name='download.size' value='35190'/>
      </properties>
    </artifact>
    <artifact classifier='osgi.bundle' id='org.eclipse.equinox.bidi' version='0.10.0.v20130327-1442'>
      <properties size='1'>
        <property name='download.size' value='48549'/>
      </properties>
    </artifact>
    <artifact classifier='osgi.bundle' id='org.eclipse.e4.core.contexts' version='1.3.1.v20130905-0905'>
      <properties size='1'>
        <property name='download.size' value='47374'/>
      </properties>
    </artifact>
    <artifact classifier='osgi.bundle' id='org.eclipse.osgi.services' version='3.3.100.v20130513-1956'>
      <properties size='1'>
        <property name='download.size' value='82934'/>
      </properties>
    </artifact>
    <artifact classifier='osgi.bundle' id='org.eclipse.emf.common.ui' version='2.8.0.v20140203-1126'>
      <properties size='1'>
        <property name='download.size' value='155019'/>
      </properties>
    </artifact>
    <artifact classifier='osgi.bundle' id='org.eclipse.gmf.runtime.diagram.ui.providers' version='1.7.0.201306111432'>
      <properties size='1'>
        <property name='download.size' value='133069'/>
      </properties>
    </artifact>
    <artifact classifier='osgi.bundle' id='org.eclipse.jface' version='3.9.1.v20130725-1141'>
      <properties size='1'>
        <property name='download.size' value='1100507'/>
      </properties>
    </artifact>
    <artifact classifier='osgi.bundle' id='org.eclipse.emf.edit' version='2.9.0.v20140203-1126'>
      <properties size='1'>
        <property name='download.size' value='269628'/>
      </properties>
    </artifact>
    <artifact classifier='osgi.bundle' id='org.eclipse.gmf.runtime.gef.ui' version='1.7.0.201306111432'>
      <properties size='1'>
        <property name='download.size' value='98809'/>
      </properties>
    </artifact>
    <artifact classifier='osgi.bundle' id='org.eclipse.ui.ide' version='3.9.2.v20131004-0923'>
      <properties size='1'>
        <property name='download.size' value='2366198'/>
      </properties>
    </artifact>
    <artifact classifier='osgi.bundle' id='org.eclipse.e4.core.di' version='1.3.0.v20130514-1256'>
      <properties size='1'>
        <property name='download.size' value='52219'/>
      </properties>
    </artifact>
    <artifact classifier='osgi.bundle' id='org.eclipse.gmf.runtime.emf.ui.properties' version='1.7.0.201306111432'>
      <properties size='1'>
        <property name='download.size' value='60932'/>
      </properties>
    </artifact>
    <artifact classifier='osgi.bundle' id='org.w3c.css.sac' version='1.3.1.v200903091627'>
      <properties size='1'>
        <property name='download.size' value='32952'/>
      </properties>
    </artifact>
  </artifacts>
</repository>
